Sensor,Coefficient,Intercept
outdoor01,0.63831622,24.08289035
outdoor02,0.75765071,16.15981674
outdoor03,0.97270868,1.84085772
