Sensor,Coefficient,Intercept
Outdoor1,0.62714639,27.10595022
Outdoor2,0.9177616,7.58687345
Outdoor3,0.90406994,6.69249433
