Sensor,Coefficient,Intercept
outdoor01,0.62714639,27.10595022
outdoor02,0.9177616,7.58687345
outdoor03,0.90406994,6.69249433
