Sensor,Coefficient,Intercept
Outdoor1,0.63831622,24.08289035
Outdoor2,0.75765071,16.15981674
Outdoor3,0.97270868,1.84085772
