Sensor,Coefficient,Intercept
Outdoor1,0.6332134,18.34867593
Outdoor2,0.2633548,17.59598713
Outdoor3,0.69035759,18.61491385
