Sensor,Coefficient,Intercept
outdoor01,0.6332134,18.34867593
outdoor02,0.2633548,17.59598713
outdoor03,0.69035759,18.61491385
